{
    "player_new": {
        "mu": 1445.7730892008763,
        "phi": 143.77614108075454,
        "sigma": 0.04999913400041927
    },
    "opponent_new": {
        "mu": 1680.3219797630218,
        "phi": 98.3432239920799,
        "sigma": 0.039999555761253636
    }
}
