{
    "player_new": {
        "mu": 1597.2146704218385,
        "phi": 79.59774771591003,
        "sigma": 0.05999737440134577
    },
    "opponent_new": {
        "mu": 1506.4306049754077,
        "phi": 116.71479257381323,
        "sigma": 0.05999734564157808
    }
}
