{
    "player_new": {
        "mu": 1678.371561744746,
        "phi": 324.2801925186851,
        "sigma": 0.059999129262244294
    },
    "opponent_new": {
        "mu": 1330.609709571533,
        "phi": 316.3294269524432,
        "sigma": 0.05999913535953568
    }
}
