{
    "player_new": {
        "mu": 1538.6454503702953,
        "phi": 290.3189616153591,
        "sigma": 0.0599989619576768
    },
    "opponent_new": {
        "mu": 1461.3545496297047,
        "phi": 290.3189616153591,
        "sigma": 0.0599989619576768
    }
}
